Workbook

Sheet bus_combined
A1: ping_id | B1: bus_id | C1: route_id | D1: stop_id | E1: stop_name | F1: scheduled_time | G1: actual_time | H1: passenger_count | I1: speed_kmh | J1: tsp_requested | K1: engine_temp_c | L1: co2_g_km | M1: breakdown_risk | N1: Subtraction | O1: congestion_status | P1: Speed_Category | Q1: CO2_Category | R1: Speed_CO2_Group | S1: Is_Low_Speed | T1: Is_High_CO2
A2: P001 | B2: DB_101 | C2: 39A | D2: 101 | E2: O'Connell St Lower | F2: 0.33333333 | G2: 0.334375 | H2: 42 | I2: 22.5 | J2: 0 | K2: 98 | L2: 1240 | M2: High | N2: =ROUND((G2-F2)*1440,2) -> 1.5 | O2: =IF(I2<10, "Bottle Neck", "Normal") -> Normal | P2: =IF(I2<10,"Low Speed (<10 km/h)","Normal/High Speed (>=10 km/h)") -> Normal/High Speed (>=10 km/h) | Q2: =IF(L2>=1240,"High CO2 (>=1240 g/km)","Normal CO2 (<1240 g/km)") -> High CO2 (>=1240 g/km) | R2: =IF(AND(I2<10,L2>=1240),"Low Speed & High CO2",IF(AND(I2<10,L2<1240),"Low Speed & Normal CO2",IF(AND(I2>=10,L2>=1240),"Normal Speed & High CO2","Normal Speed & Normal CO2"))) -> Normal Speed & High CO2 | S2: =IF(I2<10,1,0) -> 0 | T2: =IF(L2>=1240,1,0) -> 1
A3: P002 | B3: DB_101 | C3: 39A | D3: 102 | E3: Parnell Square West | F3: 0.33888889 | G3: 0.34149306 | H3: 55 | I3: 11.2 | J3: 1 | K3: 98 | L3: 1240 | M3: High | N3: =ROUND((G3-F3)*1440,2) -> 3.75 | O3: =IF(I3<10, "Bottle Neck", "Normal") -> Normal | P3: =IF(I3<10,"Low Speed (<10 km/h)","Normal/High Speed (>=10 km/h)") -> Normal/High Speed (>=10 km/h) | Q3: =IF(L3>=1240,"High CO2 (>=1240 g/km)","Normal CO2 (<1240 g/km)") -> High CO2 (>=1240 g/km) | R3: =IF(AND(I3<10,L3>=1240),"Low Speed & High CO2",IF(AND(I3<10,L3<1240),"Low Speed & Normal CO2",IF(AND(I3>=10,L3>=1240),"Normal Speed & High CO2","Normal Speed & Normal CO2"))) -> Normal Speed & High CO2 | S3: =IF(I3<10,1,0) -> 0 | T3: =IF(L3>=1240,1,0) -> 1
A4: P003 | B4: DB_101 | C4: 39A | D4: 103 | E4: College Green Trinity | F4: 0.34583333 | G4: 0.35011574 | H4: 68 | I4: 8.4 | J4: 1 | K4: 98 | L4: 1240 | M4: High | N4: =ROUND((G4-F4)*1440,2) -> 6.17 | O4: =IF(I4<10, "Bottle Neck", "Normal") -> Bottle Neck | P4: =IF(I4<10,"Low Speed (<10 km/h)","Normal/High Speed (>=10 km/h)") -> Low Speed (<10 km/h) | Q4: =IF(L4>=1240,"High CO2 (>=1240 g/km)","Normal CO2 (<1240 g/km)") -> High CO2 (>=1240 g/km) | R4: =IF(AND(I4<10,L4>=1240),"Low Speed & High CO2",IF(AND(I4<10,L4<1240),"Low Speed & Normal CO2",IF(AND(I4>=10,L4>=1240),"Normal Speed & High CO2","Normal Speed & Normal CO2"))) -> Low Speed & High CO2 | S4: =IF(I4<10,1,0) -> 1 | T4: =IF(L4>=1240,1,0) -> 1
A5: P004 | B5: DB_102 | C5: 46A | D5: 103 | E5: College Green Trinity | F5: 0.34375 | G5: 0.34409722 | H5: 38 | I5: 24.1 | J5: 0 | K5: 88 | L5: 890 | M5: Low | N5: =ROUND((G5-F5)*1440,2) -> 0.5 | O5: =IF(I5<10, "Bottle Neck", "Normal") -> Normal | P5: =IF(I5<10,"Low Speed (<10 km/h)","Normal/High Speed (>=10 km/h)") -> Normal/High Speed (>=10 km/h) | Q5: =IF(L5>=1240,"High CO2 (>=1240 g/km)","Normal CO2 (<1240 g/km)") -> Normal CO2 (<1240 g/km) | R5: =IF(AND(I5<10,L5>=1240),"Low Speed & High CO2",IF(AND(I5<10,L5<1240),"Low Speed & Normal CO2",IF(AND(I5>=10,L5>=1240),"Normal Speed & High CO2","Normal Speed & Normal CO2"))) -> Normal Speed & Normal CO2 | S5: =IF(I5<10,1,0) -> 0 | T5: =IF(L5>=1240,1,0) -> 0
A6: P005 | B6: DB_102 | C6: 46A | D6: 104 | E6: Dawson Street | F6: 0.34861111 | G6: 0.3494213 | H6: 44 | I6: 18.6 | J6: 0 | K6: 88 | L6: 890 | M6: Low | N6: =ROUND((G6-F6)*1440,2) -> 1.17 | O6: =IF(I6<10, "Bottle Neck", "Normal") -> Normal | P6: =IF(I6<10,"Low Speed (<10 km/h)","Normal/High Speed (>=10 km/h)") -> Normal/High Speed (>=10 km/h) | Q6: =IF(L6>=1240,"High CO2 (>=1240 g/km)","Normal CO2 (<1240 g/km)") -> Normal CO2 (<1240 g/km) | R6: =IF(AND(I6<10,L6>=1240),"Low Speed & High CO2",IF(AND(I6<10,L6<1240),"Low Speed & Normal CO2",IF(AND(I6>=10,L6>=1240),"Normal Speed & High CO2","Normal Speed & Normal CO2"))) -> Normal Speed & Normal CO2 | S6: =IF(I6<10,1,0) -> 0 | T6: =IF(L6>=1240,1,0) -> 0
A7: P006 | B7: DB_102 | C7: 46A | D7: 105 | E7: Leeson Street Bridge | F7: 0.35416667 | G7: 0.35555556 | H7: 50 | I7: 19.8 | J7: 0 | K7: 88 | L7: 890 | M7: Low | N7: =ROUND((G7-F7)*1440,2) -> 2 | O7: =IF(I7<10, "Bottle Neck", "Normal") -> Normal | P7: =IF(I7<10,"Low Speed (<10 km/h)","Normal/High Speed (>=10 km/h)") -> Normal/High Speed (>=10 km/h) | Q7: =IF(L7>=1240,"High CO2 (>=1240 g/km)","Normal CO2 (<1240 g/km)") -> Normal CO2 (<1240 g/km) | R7: =IF(AND(I7<10,L7>=1240),"Low Speed & High CO2",IF(AND(I7<10,L7<1240),"Low Speed & Normal CO2",IF(AND(I7>=10,L7>=1240),"Normal Speed & High CO2","Normal Speed & Normal CO2"))) -> Normal Speed & Normal CO2 | S7: =IF(I7<10,1,0) -> 0 | T7: =IF(L7>=1240,1,0) -> 0
A8: P007 | B8: DB_103 | C8: 15 | D8: 101 | E8: O'Connell St Lower | F8: 0.35416667 | G8: 0.35787037 | H8: 62 | I8: 9.5 | J8: 1 | K8: 104 | L8: 1510 | M8: High | N8: =ROUND((G8-F8)*1440,2) -> 5.33 | O8: =IF(I8<10, "Bottle Neck", "Normal") -> Bottle Neck | P8: =IF(I8<10,"Low Speed (<10 km/h)","Normal/High Speed (>=10 km/h)") -> Low Speed (<10 km/h) | Q8: =IF(L8>=1240,"High CO2 (>=1240 g/km)","Normal CO2 (<1240 g/km)") -> High CO2 (>=1240 g/km) | R8: =IF(AND(I8<10,L8>=1240),"Low Speed & High CO2",IF(AND(I8<10,L8<1240),"Low Speed & Normal CO2",IF(AND(I8>=10,L8>=1240),"Normal Speed & High CO2","Normal Speed & Normal CO2"))) -> Low Speed & High CO2 | S8: =IF(I8<10,1,0) -> 1 | T8: =IF(L8>=1240,1,0) -> 1
A9: P008 | B9: DB_103 | C9: 15 | D9: 102 | E9: Parnell Square West | F9: 0.36111111 | G9: 0.36666667 | H9: 71 | I9: 7.2 | J9: 1 | K9: 104 | L9: 1510 | M9: High | N9: =ROUND((G9-F9)*1440,2) -> 8 | O9: =IF(I9<10, "Bottle Neck", "Normal") -> Bottle Neck | P9: =IF(I9<10,"Low Speed (<10 km/h)","Normal/High Speed (>=10 km/h)") -> Low Speed (<10 km/h) | Q9: =IF(L9>=1240,"High CO2 (>=1240 g/km)","Normal CO2 (<1240 g/km)") -> High CO2 (>=1240 g/km) | R9: =IF(AND(I9<10,L9>=1240),"Low Speed & High CO2",IF(AND(I9<10,L9<1240),"Low Speed & Normal CO2",IF(AND(I9>=10,L9>=1240),"Normal Speed & High CO2","Normal Speed & Normal CO2"))) -> Low Speed & High CO2 | S9: =IF(I9<10,1,0) -> 1 | T9: =IF(L9>=1240,1,0) -> 1
A10: P009 | B10: DB_101 | C10: 39A | D10: 104 | E10: Dawson Street | F10: 0.35277778 | G10: 0.35850694 | H10: 72 | I10: 6.8 | J10: 1 | K10: 98 | L10: 1240 | M10: High | N10: =ROUND((G10-F10)*1440,2) -> 8.25 | O10: =IF(I10<10, "Bottle Neck", "Normal") -> Bottle Neck | P10: =IF(I10<10,"Low Speed (<10 km/h)","Normal/High Speed (>=10 km/h)") -> Low Speed (<10 km/h) | Q10: =IF(L10>=1240,"High CO2 (>=1240 g/km)","Normal CO2 (<1240 g/km)") -> High CO2 (>=1240 g/km) | R10: =IF(AND(I10<10,L10>=1240),"Low Speed & High CO2",IF(AND(I10<10,L10<1240),"Low Speed & Normal CO2",IF(AND(I10>=10,L10>=1240),"Normal Speed & High CO2","Normal Speed & Normal CO2"))) -> Low Speed & High CO2 | S10: =IF(I10<10,1,0) -> 1 | T10: =IF(L10>=1240,1,0) -> 1
A11: P010 | B11: DB_101 | C11: 39A | D11: 105 | E11: Leeson Street Bridge | F11: 0.35833333 | G11: 0.36319444 | H11: 65 | I11: 10.1 | J11: 1 | K11: 98 | L11: 1240 | M11: High | N11: =ROUND((G11-F11)*1440,2) -> 7 | O11: =IF(I11<10, "Bottle Neck", "Normal") -> Normal | P11: =IF(I11<10,"Low Speed (<10 km/h)","Normal/High Speed (>=10 km/h)") -> Normal/High Speed (>=10 km/h) | Q11: =IF(L11>=1240,"High CO2 (>=1240 g/km)","Normal CO2 (<1240 g/km)") -> High CO2 (>=1240 g/km) | R11: =IF(AND(I11<10,L11>=1240),"Low Speed & High CO2",IF(AND(I11<10,L11<1240),"Low Speed & Normal CO2",IF(AND(I11>=10,L11>=1240),"Normal Speed & High CO2","Normal Speed & Normal CO2"))) -> Normal Speed & High CO2 | S11: =IF(I11<10,1,0) -> 0 | T11: =IF(L11>=1240,1,0) -> 1
A12: P011 | B12: DB_104 | C12: 39A | D12: 101 | E12: O'Connell St Lower | F12: 0.34375 | G12: 0.34444444 | H12: 35 | I12: 21 | J12: 0 | K12: 94 | L12: 1150 | M12: Low | N12: =ROUND((G12-F12)*1440,2) -> 1 | O12: =IF(I12<10, "Bottle Neck", "Normal") -> Normal | P12: =IF(I12<10,"Low Speed (<10 km/h)","Normal/High Speed (>=10 km/h)") -> Normal/High Speed (>=10 km/h) | Q12: =IF(L12>=1240,"High CO2 (>=1240 g/km)","Normal CO2 (<1240 g/km)") -> Normal CO2 (<1240 g/km) | R12: =IF(AND(I12<10,L12>=1240),"Low Speed & High CO2",IF(AND(I12<10,L12<1240),"Low Speed & Normal CO2",IF(AND(I12>=10,L12>=1240),"Normal Speed & High CO2","Normal Speed & Normal CO2"))) -> Normal Speed & Normal CO2 | S12: =IF(I12<10,1,0) -> 0 | T12: =IF(L12>=1240,1,0) -> 0
A13: P012 | B13: DB_104 | C13: 39A | D13: 102 | E13: Parnell Square West | F13: 0.34930556 | G13: 0.35243056 | H13: 48 | I13: 13.4 | J13: 1 | K13: 94 | L13: 1150 | M13: Low | N13: =ROUND((G13-F13)*1440,2) -> 4.5 | O13: =IF(I13<10, "Bottle Neck", "Normal") -> Normal | P13: =IF(I13<10,"Low Speed (<10 km/h)","Normal/High Speed (>=10 km/h)") -> Normal/High Speed (>=10 km/h) | Q13: =IF(L13>=1240,"High CO2 (>=1240 g/km)","Normal CO2 (<1240 g/km)") -> Normal CO2 (<1240 g/km) | R13: =IF(AND(I13<10,L13>=1240),"Low Speed & High CO2",IF(AND(I13<10,L13<1240),"Low Speed & Normal CO2",IF(AND(I13>=10,L13>=1240),"Normal Speed & High CO2","Normal Speed & Normal CO2"))) -> Normal Speed & Normal CO2 | S13: =IF(I13<10,1,0) -> 0 | T13: =IF(L13>=1240,1,0) -> 0
... A51: P050 | B51: DB_110 | C51: 15 | D51: 105 | E51: Leeson Street Bridge | F51: 0.4 | G51: 0.4037037 | H51: 50 | I51: 18 | J51: 0 | K51: 96 | L51: 1180 | M51: Low | N51: =ROUND((G51-F51)*1440,2) -> 5.33 | O51: =IF(I51<10, "Bottle Neck", "Normal") -> Normal | P51: =IF(I51<10,"Low Speed (<10 km/h)","Normal/High Speed (>=10 km/h)") -> Normal/High Speed (>=10 km/h) | Q51: =IF(L51>=1240,"High CO2 (>=1240 g/km)","Normal CO2 (<1240 g/km)") -> Normal CO2 (<1240 g/km) | R51: =IF(AND(I51<10,L51>=1240),"Low Speed & High CO2",IF(AND(I51<10,L51<1240),"Low Speed & Normal CO2",IF(AND(I51>=10,L51>=1240),"Normal Speed & High CO2","Normal Speed & Normal CO2"))) -> Normal Speed & Normal CO2 | S51: =IF(I51<10,1,0) -> 0 | T51: =IF(L51>=1240,1,0) -> 0

Sheet Sheet1
A1: Low Speed (<10 km/h) vs High CO2 (>=1240 g/km) — Summary
A3: Contingency table (stop-level pings, n=50)
A5: Speed \ CO2 | B5: High CO2 (>=1240 g/km) | C5: Normal CO2 (<1240 g/km) | D5: Total
A6: Low Speed (<10 km/h) | B6: =COUNTIFS(bus_combined!$I$2:$I$51,"<10",bus_combined!$L$2:$L$51,">=1240") -> 12 | C6: =COUNTIFS(bus_combined!$I$2:$I$51,"<10",bus_combined!$L$2:$L$51,"<1240") -> 8 | D6: =SUM(B6:C6) -> 20
A7: Normal Speed (>=10 km/h) | B7: =COUNTIFS(bus_combined!$I$2:$I$51,">=10",bus_combined!$L$2:$L$51,">=1240") -> 8 | C7: =COUNTIFS(bus_combined!$I$2:$I$51,">=10",bus_combined!$L$2:$L$51,"<1240") -> 22 | D7: =SUM(B7:C7) -> 30
A8: Total | B8: =SUM(B6:B7) -> 20 | C8: =SUM(C6:C7) -> 30 | D8: =SUM(D6:D7) -> 50
A10: % of Low-Speed pings that are also High CO2 | B10: =IFERROR(B6/D6,0) -> 0.6
A11: % of Normal-Speed pings that are also High CO2 | B11: =IFERROR(B7/D7,0) -> 0.26666667
A13: Pearson correlation: speed_kmh vs co2_g_km | B13: =CORREL(bus_combined!I2:I51,bus_combined!L2:L51) -> -0.50265133
A15: Note: correlation is expected to be negative — lower speed (congestion/bottlenecks) is associated with higher CO2 g/km. Thresholds (<10 km/h, >=1240 g/km) match the congestion_status flag and dataset's High breakdown_risk band already used in the bus_combined sheet.
